WAV,ABS1,ABS2,ABS3
380,Error,Error,Error
381,Error,Error,Error
382,Error,Error,Error
383,Error,Error,Error
384,Error,Error,Error
385,Error,Error,Error
386,Error,Error,Error
387,Error,Error,Error
388,Error,Error,Error
389,Error,Error,Error
390,Error,Error,Error
391,Error,Error,Error
392,Error,Error,Error
393,Error,Error,Error
394,Error,Error,Error
395,Error,Error,Error
396,Error,Error,Error
397,Error,Error,Error
398,Error,Error,Error
399,Error,Error,Error
400,Error,Error,Error
401,Error,Error,Error
402,Error,Error,Error
403,Error,Error,Error
404,Error,Error,Error
405,Error,Error,Error
406,Error,Error,Error
407,Error,Error,Error
408,Error,Error,Error
409,Error,Error,Error
410,Error,Error,Error
411,Error,Error,Error
412,Error,Error,Error
413,Error,Error,Error
414,Error,Error,Error
415,Error,Error,Error
416,Error,Error,Error
417,Error,Error,Error
418,Error,Error,Error
419,Error,Error,Error
420,Error,Error,Error
421,Error,Error,Error
422,Error,Error,Error
423,Error,Error,Error
424,Error,Error,Error
425,Error,Error,Error
426,Error,Error,Error
427,Error,Error,Error
428,Error,Error,Error
429,Error,Error,Error
430,Error,Error,Error
431,Error,Error,Error
432,Error,Error,Error
433,Error,Error,Error
434,Error,Error,Error
435,Error,Error,Error
436,Error,Error,Error
437,Error,Error,Error
438,Error,Error,Error
439,Error,Error,Error
440,Error,Error,Error
441,Error,Error,Error
442,Error,Error,Error
443,Error,Error,Error
444,Error,Error,Error
445,Error,Error,Error
446,Error,Error,Error
447,Error,Error,Error
448,Error,Error,Error
449,Error,Error,Error
450,Error,Error,Error
451,Error,Error,Error
452,Error,Error,Error
453,Error,Error,Error
454,Error,Error,Error
455,Error,Error,Error
456,Error,Error,Error
457,Error,Error,Error
458,Error,Error,Error
459,Error,Error,Error
460,Error,Error,Error
461,Error,Error,Error
462,Error,Error,Error
463,Error,Error,Error
464,Error,Error,Error
465,Error,Error,Error
466,Error,Error,Error
467,Error,Error,Error
468,Error,Error,Error
469,Error,Error,Error
470,Error,Error,Error
471,Error,Error,Error
472,Error,Error,Error
473,Error,Error,Error
474,Error,Error,Error
475,Error,Error,Error
476,Error,Error,Error
477,Error,Error,Error
478,Error,Error,Error
479,Error,Error,Error
480,Error,Error,Error
481,Error,Error,Error
482,Error,Error,Error
483,Error,Error,Error
484,Error,Error,Error
485,Error,Error,Error
486,Error,Error,Error
487,Error,Error,Error
488,Error,Error,Error
489,Error,Error,Error
490,Error,Error,Error
491,Error,Error,Error
492,Error,Error,Error
493,Error,Error,Error
494,Error,Error,Error
495,Error,Error,Error
496,Error,Error,Error
497,Error,Error,Error
498,Error,Error,Error
499,Error,Error,Error
500,Error,Error,Error
501,Error,Error,Error
502,Error,Error,Error
503,Error,Error,Error
504,Error,Error,Error
505,Error,Error,Error
506,Error,Error,Error
507,Error,Error,Error
508,Error,Error,Error
509,Error,Error,Error
510,Error,Error,Error
511,Error,Error,Error
512,Error,Error,Error
513,Error,Error,Error
514,Error,Error,Error
515,Error,Error,Error
516,Error,Error,Error
517,Error,Error,Error
518,Error,Error,Error
519,Error,Error,Error
520,Error,Error,Error
521,Error,Error,Error
522,Error,Error,Error
523,Error,Error,Error
524,Error,Error,Error
525,Error,Error,Error
526,Error,Error,Error
527,Error,Error,Error
528,Error,Error,Error
529,Error,Error,Error
530,Error,Error,Error
531,Error,Error,Error
532,Error,Error,Error
533,Error,Error,Error
534,Error,Error,Error
535,Error,Error,Error
536,Error,Error,Error
537,Error,Error,Error
538,Error,Error,Error
539,Error,Error,Error
540,Error,Error,Error
541,Error,Error,Error
542,Error,Error,Error
543,Error,Error,Error
544,Error,Error,Error
545,Error,Error,Error
546,Error,Error,Error
547,Error,Error,Error
548,Error,Error,Error
549,Error,Error,Error
550,Error,Error,Error
551,Error,Error,Error
552,Error,Error,Error
553,Error,Error,Error
554,Error,Error,Error
555,Error,Error,Error
556,Error,Error,Error
557,Error,Error,Error
558,Error,Error,Error
559,Error,Error,Error
560,Error,Error,Error
561,Error,Error,Error
562,Error,Error,Error
563,Error,Error,Error
564,Error,Error,Error
565,Error,Error,Error
566,Error,Error,Error
567,Error,Error,Error
568,Error,Error,Error
569,Error,Error,Error
570,Error,Error,Error
571,Error,Error,Error
572,Error,Error,Error
573,Error,Error,Error
574,Error,Error,Error
575,Error,Error,Error
576,Error,Error,Error
577,Error,Error,Error
578,Error,Error,Error
579,Error,Error,Error
580,Error,Error,Error
581,Error,Error,Error
582,Error,Error,Error
583,Error,Error,Error
584,Error,Error,Error
585,Error,Error,Error
586,Error,Error,Error
587,Error,Error,Error
588,Error,Error,Error
589,Error,Error,Error
590,Error,Error,Error
591,Error,Error,Error
592,Error,Error,Error
593,Error,Error,Error
594,Error,Error,Error
595,Error,Error,Error
596,Error,Error,Error
597,Error,Error,Error
598,Error,Error,Error
599,Error,Error,Error
600,Error,Error,Error
601,Error,Error,Error
602,Error,Error,Error
603,Error,Error,Error
604,Error,Error,Error
605,Error,Error,Error
606,Error,Error,Error
607,Error,Error,Error
608,Error,Error,Error
609,Error,Error,Error
610,Error,Error,Error
611,Error,Error,Error
612,Error,Error,Error
613,Error,Error,Error
614,Error,Error,Error
615,Error,Error,Error
616,Error,Error,Error
617,Error,Error,Error
618,Error,Error,Error
619,Error,Error,Error
620,Error,Error,Error
621,Error,Error,Error
622,Error,Error,Error
623,Error,Error,Error
624,Error,Error,Error
625,Error,Error,Error
626,Error,Error,Error
627,Error,Error,Error
628,Error,Error,Error
629,Error,Error,Error
630,Error,Error,Error
631,Error,Error,Error
632,Error,Error,Error
633,Error,Error,Error
634,Error,Error,Error
635,Error,Error,Error
636,Error,Error,Error
637,Error,Error,Error
638,Error,Error,Error
639,Error,Error,Error
640,Error,Error,Error
641,Error,Error,Error
642,Error,Error,Error
643,Error,Error,Error
644,Error,Error,Error
645,Error,Error,Error
646,Error,Error,Error
647,Error,Error,Error
648,Error,Error,Error
649,Error,Error,Error
650,Error,Error,Error
651,Error,Error,Error
652,Error,Error,Error
653,Error,Error,Error
654,Error,Error,Error
655,Error,Error,Error
656,Error,Error,Error
657,Error,Error,Error
658,Error,Error,Error
659,Error,Error,Error
660,Error,Error,Error
661,Error,Error,Error
662,Error,Error,Error
663,Error,Error,Error
664,Error,Error,Error
665,Error,Error,Error
666,Error,Error,Error
667,Error,Error,Error
668,Error,Error,Error
669,Error,Error,Error
670,Error,Error,Error
671,Error,Error,Error
672,Error,Error,Error
673,Error,Error,Error
674,Error,Error,Error
675,Error,Error,Error
676,Error,Error,Error
677,Error,Error,Error
678,Error,Error,Error
679,Error,Error,Error
680,Error,Error,Error
681,Error,Error,Error
682,Error,Error,Error
683,Error,Error,Error
684,Error,Error,Error
685,Error,Error,Error
686,Error,Error,Error
687,Error,Error,Error
688,Error,Error,Error
689,Error,Error,Error
690,Error,Error,Error
691,Error,Error,Error
692,Error,Error,Error
693,Error,Error,Error
694,Error,Error,Error
695,Error,Error,Error
696,Error,Error,Error
697,Error,Error,Error
698,Error,Error,Error
699,Error,Error,Error
700,Error,Error,Error
701,Error,Error,Error
702,Error,Error,Error
703,Error,Error,Error
704,Error,Error,Error
705,Error,Error,Error
706,Error,Error,Error
707,Error,Error,Error
708,Error,Error,Error
709,Error,Error,Error
710,Error,Error,Error
711,Error,Error,Error
712,Error,Error,Error
713,Error,Error,Error
714,Error,Error,Error
715,Error,Error,Error
716,Error,Error,Error
717,Error,Error,Error
718,Error,Error,Error
719,Error,Error,Error
720,Error,Error,Error
721,Error,Error,Error
722,Error,Error,Error
723,Error,Error,Error
724,Error,Error,Error
725,Error,Error,Error
726,Error,Error,Error
727,Error,Error,Error
728,Error,Error,Error
729,Error,Error,Error
730,Error,Error,Error
731,Error,Error,Error
732,Error,Error,Error
733,Error,Error,Error
734,Error,Error,Error
735,Error,Error,Error
736,Error,Error,Error
737,Error,Error,Error
738,Error,Error,Error
739,Error,Error,Error
740,Error,Error,Error
741,Error,Error,Error
742,Error,Error,Error
743,Error,Error,Error
744,Error,Error,Error
745,Error,Error,Error
746,Error,Error,Error
747,Error,Error,Error
748,Error,Error,Error
749,Error,Error,Error
750,Error,Error,Error
751,Error,Error,Error
752,Error,Error,Error
753,Error,Error,Error
754,Error,Error,Error
755,Error,Error,Error
756,Error,Error,Error
757,Error,Error,Error
758,Error,Error,Error
759,Error,Error,Error
760,Error,Error,Error
761,Error,Error,Error
762,Error,Error,Error
763,Error,Error,Error
764,Error,Error,Error
765,Error,Error,Error
766,Error,Error,Error
767,Error,Error,Error
768,Error,Error,Error
769,Error,Error,Error
770,Error,Error,Error
771,Error,Error,Error
772,Error,Error,Error
773,Error,Error,Error
774,Error,Error,Error
775,Error,Error,Error
776,Error,Error,Error
777,Error,Error,Error
778,Error,Error,Error
779,Error,Error,Error
780,Error,Error,Error
781,Error,Error,Error
